parent location,location,lat long,description,directions,sub locations
,Cragmont Park,"37.892, -122.2635","This small area is located in Berkeley a little ways from Indian Rock. 
 
This area offers about a dozen climbs (5.6 - 5.11), primarily easier climbs that can be toproped. This would be a great place to bring beginners, as most climbs are not height dependant, and are fairly safe on toprope. The toughest route is sport, with 4 bolts. The routes are primarily shorter slab routes. 
 
There are no access problems, and according to the signs you could actually have a barbeque here and a nice game of basketball on the court located above the climbing area in the main park. 
 
All routes can be walked off.","From other places: Get off I-80 and head east from the Buchanan St / Albany exit. go 3 blocks, and take the soft right onto Marin ave. Follow the road up the hill to the traffic circle. Go around the circle and stay on Marin, which will be the fourth turn. Follow the road uphill to Regal Rd, where you should go right. follow regal a few blocks, and you'll find the park on the right side. Parking is on the street. 
 
From the Berkeley Campus:from the north side of campus, go uphill on Euclid Ave. Go up the hill for a while, and turn right on Regal Rd. The park is one block south.",Gomer's Pile; Northeast Face; Southeast Face
,Great Stone Face Rock Park,"37.8967, -122.2783","Standard Berkeley rock type, some crystals reminiscent of Cragmont rock park. 2 medium sized boulders, both are significantly smaller that mortar rock. One was recently cleaned of brush presumably by the city of berkeley. Not many people ever show up here to climb.","Go down or up Marin street to the Marin Circle, take the Arlington to Yosemite street, turn left, go a block down, and it is on the left. You can also go up Yosemite from the west.",East Boulder; Great Stone Face
,Grizzly Peak Boulders,"37.88143, -122.24296","This mostly hidden bouldering area is located about 10 minutes from the Berkeley campus. There aren't too many routes here, nor are there many rocks, though the ones that exist are have excellent variety in difficulty, ranging from V0 to V9 or harder. Rocks range from 8 feet tall to around 20. As some of the poison oak has been peeled back from the landings of many of the rocks, this area has seen additional traffic in recent years. However, you will still probably be alone in the shady trees surrounding most of the rocks here. 
 
You will find interesting traversy problems, in addition to some challenging overhung routes on the large initial main rock. 
 
The rock is a volcanic mix that is signature of bouldering in Berkeley, with similar rock found at Indian Rock. Some of the rock is crumbly, though it has cleaned up for the most part on established routes. 
 
Perhaps these rocks and climbs have names, but I'm not aware of most of them. If you know the names, please let me know, and I'll update any descriptions. 
 
The rocks continue into the trees, and up for a ways, though climbable rocks stop after 40 yards or so.","Exit I-80 on University heading east towards the Berkeley campus. At campus, where University ends, take a right turn on Oxford. Continue 4 blocks to Dwight, and head up Dwight past the dorms and through the roundabout to Prospect. Go left on Prospect, and stay on Prospect 1 block until a forced right (or you'll go into Berkeley's Memorial statium parking lot), onto to Stadium Rim Way. Follow this along the top of the stadium up to the stop sign, where you should go right on Centennial Drive. Stay on Centennial past Lawrences Berkeley labs until the stop sign at the top of the hill, which is about 2 miles. Take a right on Grizzly Peak Blvd at the stop sign. Travel about 1/3 of a mile, and you will see some Boulders on the left side of the road. 
 
From the South: 
 
From Westbound 24 (after the Bay Bridge, Highway 13 or 880) the 13 North exit towards Berkeley. Follow this into Berkeley first up and then down the winding tunnel road until the third stop light, where you shuold go right on Domingo Ave. This short street will head left after 1 block, and then into a stop sign, which is Claremont Avenue. Head up the Canyon to the top of the hill, which is about 2 miles. At the stop sign at the top, take a left on Grizzly Peak road, and the rocks will be clearly visible on the right 30 feet from the road about 3 miles later after a couple of consecutive 15 mile per hour turns. 
 
From Eastbound 24 (Contra Costa County / San Jose / Central Valley, etc): 
 
Just before the Caldecott Tunnel, exit highway 24 on Fish Ranch Road. follow the winding exit ramp uphill, until a right turn on to Fish Ranch Road at the stop sign. Follow Fish Ranch uphill to the stop sign, which is Grizzly Peak where you should go right. The rocks will be clearly visible on the right 30 feet from the road about 2 miles later after a couple of consecutive 15 mile per hour turns. 
 
Parking November 16th - April 14th is on either side of the road (assuming it's wide enough not to interrupt through traffic on Grizzly peak) near the boulders. 
 
Parking April 15th - November 15th is uphill (southward) about .2 miles to a pullout on the East side of the road.",Diagonal Traverse Rock; Main Rock; Stinkbomb Boulder; Stoner's Cave; Tall Traverse Rock
,Remillard Park,"37.8923, -122.2611","One of the many high-quality North Berkeley rocks. Climbs range from 15 to 30 feet and are usually top roped. Due to the humid climate, moss is an issue here, and can obstruct usable holds.","Exit 80 and head east from the Buchanan St / Albany exit. go 3 blocks, and take the soft right onto Marin ave. Follow the road up the hill to the traffic circle. Go around the circle and stay on Marin, which will be the fourth turn. Take a right on Hildale, then a left on Poppy Lane. Remillard park will be on the right.",Pinnacle Rock; Plaque Rock; South Formation; West Boulder
,Black Sand Beach,"37.8251, -122.5138","Black Sand Beach is a bouldering spot located west of the Golden Gate Bridge in Marin County in the Golden Gate National Recreation Area. From the beach you have a great view of the Golden Gate Bridge and the Pacific Ocean. A great spot to go to if you can't afford to do a full day trip and are up for a little adventure and exploring. There are two coves, Hidden Cove and Last Cove. Both are a stone's throw away from the ocean and Last Cove is only accessible during low tide and low swell. It is worth checking out for its descent bouldering and proximity to the city; if not just for the great Pacific atmosphere.","From San Francisco, take N101 and exit at Alexander Ave. making a left going underneath the 101 until reaching Conzelman Rd. From Marin, take S101 and take Alexander Ave as well making a left and immediately hitting Conzelman Ave. From both directions, continue up Conzelman Ave until it turns into a one-way road down a steep 18% grade. About 3.5 mile from the 101 there is a paved parking lot on the left. From the lot, walk down the steps to the beach and turn right and walk until you come up to the cliff and hike over the center gulley. On the second beach, you'll first come across Hidden Cove. To get to Last Cove, walk to the end of the second beach until the end. You'll notice an old Army lookout box or bunker positioned on the cliff. Scramble your way through the boulders on a mellow path heading left making your way over to the third beach. Don't go direct over the unstable looking cliff. Once on the third beach, you'll notice a chossy but promising looking cliff on the right and Last Cove is beyond that at the end.",Hidden Cove; Last Cove
,Castle Rock Area,"37.23049, -122.09476","Surrounding Castle Rock State Park is one of the larger climbing regions in the area, hosting a variety of sport, trad, bouldering and top rope problems. 
 
The rock is mostly sandstone, making it fairly easy on the hands and dynos quite slap happy. 
 
Access into the main park will cost you a couple of dollars, but that shouldn't deter you. If money is a concern, you can also park outside the main area and walk into the park. 
 
The bouldering at Castle Rock is some of the best in the state. 
 
If you're looking for a place to stay the night, there is a hike in campground 2.8 miles from the parking lot. It's a nice little spot that is rarely busy. 
 
Always visit the Castle Rock State Park website for fairly current official information.","From the north: Drive to the town of Saratoga, which is located a little southwest of San Jose. Find Saratoga by heading south on the 101 a little past the Dumbarton Bridge. Take the 85 south exit, which is also the Cupertino / Santa Cruz exit. Take 85 south for about 10 miles, and exit on Saratoga Ave. Go right onto Saratoga, and follow this road through town. Saratoga Ave becomes Hwy 9, or Big Basin Way. Go up the mountain, and hang a left on Skyline Boulevard (35), which will be the 1st major intersection out of town. The main park is about 2.5 miles up on the right side, and is prominently marked. 
 
If you park outside of the parking lot, be aware that the free parking areas within the marked parking zones can fill up very quickly on weekends with good weather, Do not park in areas which are not within the marked parking zones or have the end of your vehicle extending into the street otherwise you will get a ticket, Lastly, be careful about getting your vehicle stuck in the ditch near the parking spots - it happens often.","* Castle Rock Area Bouldering; Billy Goat Rock; California Ridge; Castle Rock Proper; Chew Tooth; Devil's Canyon; Eagle Peak Area; Globule, The; Goat Rock; Handley Rock Park; Hostess, The; Indian Rock; Last Temptation Cliff; Lower Guadalupe Rock; Lyme Disease Rock; Mount Doom; Platypus; Shady Rock; Skyline Slabs; Stevens Canyon Boulder; Summit Rock; Underworld Rock; Voyeur; Waterfall Cliff"
,Berkeley,"37.89017, -122.27239","Urban bouldering is found in a number of park around the city of Berkeley. 
 
Afterwards, a decent selection of beer can be found at the local Safeway, which is on Shattuck Place about a mile south of the rock. There are also numerous breweries and bars in Berkeley's downtown area, and also on Telegraph Avenue, which can be found just south of the U.C. Berkeley campus. 
 
Camping can be done in a few nearby parks. Check the East Bay Regional Park District Camping web page for current details.",See specific locations for directions.,
,San Francisco,"37.81843, -122.28806","While not generally thought of as a destination area for rock climbing, the pure number of visitors that head to the bay area for other purposes make this a great location for a quick day on the rock in between other commitments. 
 
You can climb year round in the Bay Area, provided that winter rains haven't pummeled the area too recently. Often, inland areas are extremely hot in the summer, though the coastal areas will stay pleasant. 
 
American Big Wall climbing took its first roots here, with locals practicing their skills on local rocks before heading to Yosemite for its renowned cliffs. Almost every area that has a chimney in Northern California was first climbed by Warren Harding or Forrest Shute, and you will often see a piton stuck in the rock left over from climbers of another age. 
 
Berkeley, Castle Rock and Sonoma will hold your attention for a great day of bouldering.

Unfortunately, a significant portion of the best climbing in the Bay Area is on private property, and unless you're in the know, you don't get to go. 
 ",See specific locations for directions. ,
,Coyote Hills,"37.5512, -122.0866","Located right next to the San Francisco Bay, Coyote Hills is a hidden gem in the East Bay. 
 
The climate is typical of the Bay Area, mostly mild,although it can get rather windy. 
 
The park will range from empty on weekdays, to fairly crowded on Saturday and Sunday mornings. 
 
All of the climbing spots are secluded, with very little amounts of shade. 
 
This is not a climbing mecca, so chances are that you'll have the area to yourself. 
 
The rock is metamorphic, and very solid. It is highly unlikely that any hold will break. 
 
In some locations, the rock is sharp, so watch your hands. 
 
This is mainly an easy climbing area, it can be used for low toproping of 5.10 or less, or it could be used for highball bouldering of widely ranging grades. 
 
There is some hard stuff that you could do here.","Coyote Hills is at the west end of Patterson Ranch Road/Commerce Drive in Fremont. From I-880, take Highway 84 west, exit at Paseo Padre Parkway, turn right, and drive north about one mile. Turn left on Patterson Ranch Road. This is the park's entrance road and will take you to the picnic areas and visitor center. Parking fees may apply.",Castle Rock Boulder; Red Hill
,Indian Joe Caves,"37.51545, -121.83053","Located south-east of Pleasanton, Sunol Regional Wilderness presently only has developed climbing at Indian Joe Caves, but other opportunities appear to exist as well. There's a pretty wide variety of rock types in the park, but Indian Joe caves is meta basalt. While approaching the area, you can see some rocks on the top of a hill west of the main entrance, this is called flag mountain and appears to have climbing on it, though development has been discouraged because of concerns it would disrupt raptor nesting. There's a $4 entrance fee and the gate gets locked a little after dusk (9 p.m. in August), though camping is permitted in the park. 
 
A pile of meta basalt rocks, Indian Joe caves offers top roping, bouldering and the occasional trad lead on formations reaching up to 40 feet. The holds tend to be either angular or crimpy and the climbing can be anything from slab, cracks, chimney, impressive aretes, or overhung faces. There's also a wide range of existing climbs, 5.3 to 5.12c. There is also the potential for several climbs with difficulties considerably higher.In the summer, Indian Joe Caves get pretty warm and it would be wisest to avoid climbing the routes that get sun, as the black rock absorbes the sun's heat and makes climbing almost unbearable. Fortunately, there's always a handful of climbs that never get sun and therefore are a lot cooler than their brighter counterparts. 
 
Visit the Sunol Regional Wilderness park website for the latest official information on visiting it.","From the 680-580 interchange, take 680 south 8 miles to the highway 84/Calaveras road. Go left on Calaveras and follow it past where the speed limit drops to 25. Shortly after the speed limit change go left (4.3 miles from the turn onto Calaveras) on Geary Road. Shortly thereafter you'll reach the fee station. 
 
After entering the park, pass the first left turn (about 50 yards in), which heads to the visitors center, and park just beyond on the left side of the road next to a trailhead (about another 50 yards). Hike across the wooden bridge over a stream, and head right at the junction. Continue another 50 yards until you come to Hayfield Road (which you're not allowed to drive on... though bikes and horses are permitted). Go left on Hayfield road and walk up the road for .8 miles. There's an obvious sign directing you to Indian Joe Caves, follow it right, you'll be able to see the crag up the hill on your left a little ways down this smaller trail. This will meet with the Indian Joe Creek Trail and continue up hill for another ~300 yards until you arrive at the crag. The first landmark is the tallest rock, with a sharp arete on the right, the arete is Orange Arete (11a) and the face is Little Eiger (12c). Paths circumnavigate the climbing area, and most of the warm-up stuff is reached fastest by going clockwise around the area to the backside.",Cleavage Rock; Edge Rock; Indian Joe Caves bouldering; Little Eiger
,Mickey's Beach,"37.8886, -122.6327","Mickey's Beach offers some of the toughest sport climbing in the area, along with some interesting bouldering. Almost all climbs are on the beach, and some are tide dependant. The area can be quite windy, making some of the balancy moves more interesting. Climbs offered range from beginning to expert. 
 
The whole area is free. 
 
A brief bit of history tells that the bouldering area west of the main rock was once a part of the hillside, and in a huge storm in 1986 it fell into the surf as one large chunk. Seven days later, the rock split into pieces, directly in front of an unsuspecting picnicing couple. 
 
The main rock also had some storm trouble. In 1993 a huge storm knocked several classic climbs off the main rock and into the ocean, including a classic 5.12 finger crack known as Mickey's crack. A word of caution for people who travel to Mickey's beach, which is that it's a spot frequented by a rather large group of nudists, so if that bothers you, you should probably climb some place else.","From S.F. Take the 1 north. Follow the signs to Stinson Beach. Follow the road down the canyon, and then follow it down the beach. It's a ways, but the main parking lot is .3 miles north of the sign to the Steep Ravine campground and cabins. This sign is on the left side of the road. 
 
From the east bay: Take 580 west to the 101 south, until it intersects with the 1, then follow the above directions.","Center Bouldering Rock (or the Beach Boulder); Danger Rock (or Orange Buddha Rock); Egg, The; Green Monster, The; Grey Slab; Main Rock; Peeper's Rock; Stinson Beach; Tennessee Valley Beach; Way of the Wah (AKA the cave)"
,Mount Tamalpais,"37.9291, -122.578","Located high above the North Bay, Mt. Tamalpais was once the site of an old hotel. While the hotel is gone, an observation tower remains on the East peak, and is surrounded by jagged volcanic rock that holds some interesting climbing. 
 
Containing mostly easier climbs (5.3 - 5.11b), Mt. Tamalpais is a great place to teach someone how to climb, set up a top rope, or a great place for a first trad lead. 
 
The climbing primarily faces east, and offers incredible views of the rest of the bay area. Because of it's direction, you will find most of the climbing in the shade in the afternoon. If you're going to be there a while, don't forget to head up to the observation tower for an incredible Pacific sunset. 
 
Due to the rugged nature of the rock, it's probably best to either walk off most climbs, or to rappell from the top. 
 
Depending on the day, you may have to pay $8 to park in the park, but then again, you might not. 
 
Always check the Mount Tamalpais State Park website for current information.","From the 101 North of San Francisco, exit the freeway and head north on the 1 towards Stinson Beach. A short while later, hang a left on Shoreline, until a fork in the road. At the fork, head left on Panormic Highway, which will also have a sign stating the correct direction to get to Mt. Tamalpais. Stay on Panoramic until you see yet another sign on the road, telling you to got right on Pantoll road. 
 
Head 1.4 miles up Pantoll road, and then head right on East Ridgecrest Blvd, once again following the signs to Mt. Tamalpia's East Summit. The parking lot will be at the end of the road, 2.8 miles later. 
 
All climbing is accessed via the Plank trail, which will have a sign stating .3 miles to the observation tower.","Leaning Tower, The; Mount Tam Boulders; Northern Formation, The; Oberman's Rock; Southern Formation, The"
,Pacifica Headlands,"37.6056, -122.50045","Over looking Lindamar Beach in Pacifica from the north end this bluff offers a few bouldering and top-roping opportunities. The rock quality is mostly poor, but it can still be an enjoyable locations to climb given the pictures locations. While this location would probably not be a place worth going out of your way for, if you are in the area or looking for something to do when the surf is poor, you should definitely check it out.",From Lindamar Beach in Pacifica walk North on the paved bike path. You will want to step off the bike path to your left and take one of the dirt paths out onto the bluff to reach the climbing.,Mori Point; Rock Away Boulder; San Pedro Boulder; San Pedro Cliff
,Ring Mountain,"37.9095, -122.4828","Ring Mountain is a scenic collection of boulders in the Marin Headlands, ranging from about 20 to 50 feet in height. They offer a variety of problems and top roped climbing on some interesting rock. 
 
No useful bolts or anchors are present on the rocks. Bring long slings (~40') and nuts to take care of your anchor needs. The rock is friendly on the hands; it's good for sticking small holds. Feet tend to be a bit more slippery. The rock at Turtle Rock is schist and somewhat reminiscent Rumney, NH. 
 
Access is free and the area is open from sunrise to sunset.","To get there, exit at Paradise Drive from the 101 freeway a few exits south from where it meets the 580. 
 
At the off ramps, drive a short distance east, towards the Bay. On Google Maps this shows as Tamalpais Drive. 
 
Paradise Road is the very first possible right hand turn, and comes before the traffic light. 
 
Follow Paradise Drive as it winds south and east for around 2 miles. 
 
Turn right onto Taylor Road, and follow it to its end. 
 
Park your vehicle here. 
 
At the parking lot there are two paved paths leading into the hills. Walking uphill and to the left will bring you to Split Rock. Walking uphill and to the right will bring you to Turtle Rock.",Split Rock; Turtle Rock
,Angwin,"38.5684, -122.4406","Angwin has two small, developed climbing sites, plus a few scattered boulder problems not included here. The rock is pocketed volcanic tuff similar to that of nearby Mt. St. Helena. 
 
Mossy Rock is a boulder up to 20 feet high located in mixed evergreen forest, and offers bouldering and top-roping ranging from 5.7 to V4 (5.12). The approach (0.6 mile) is on a good, flat trail. 
 
Bell Canyon, which is now CLOSED TO THE PUBLIC, has a west-facing band of cliffs offering lead climbing up to 45 feet high, with both trad and sport climbs ranging from 5.6 to 5.11. The approach (0.5 mile) is difficult with sections that are steep, loose and bushy, and the climbing is mediocre. 
 
The climbing history is obscure. The easier climbs were probably pioneered by faculty and students of nearby Pacific Union College. The harder climbs were established by the early 1980s by Tony Yaniro (climbed first 5.13 in North America), Mark Spencer (author of ""Southern Yosemite Rock Climbs"") and the late Jim Hanson (rock climbing instructor at PUC), among others.","MOSSY ROCK: Boulder located on property owned by Pacific Union College, currently accessible to the public. From the junction of Silverado Trail and Deer Park Road in St. Helena, drive 5.4 miles north on Deer Park Road, which eventually becomes Howell Mountain Road, to the campus of Pacific Union College. Turn right on Cold Springs Road and, after 0.2 mile, continue straight across an intersection onto Las Posadas Road (Cold Springs Road turns right) for another 0.9 mile to a 90-degree bend in the road. Park at the bend of the road and hike on the trail that proceeds east (the same direction you were just driving). After about 0.1 mile you cross a fence and a dirt road, then reach a fork after another 0.1 mile. Stay right at the fork and continue about 0.4 mile until you see Mossy Rock on the left. 
 
BELL CANYON: Band of cliffs located on property owned by St. Helena Hospital, now CLOSED TO THE PUBLIC. From the junction of Silverado Trail and Deer Park Road in St. Helena, drive 4.1 miles north on Deer Park Road, which eventually becomes Howell Mountain Road, to White Cottage Road. Turn left on White Cottage Road and continue 1.6 miles to the junction of Liparita Avenue on the left and Brookside Avenue on the right. Turn left on Liparita Avenue and drive 0.3 mile until you see some parking spaces on the left just in front of a gate and beside a pump house. Walk back toward White Cottage Road for about 20 feet to the end of the fence on the right side of the road and pick up the trail behind the fence. Follow the trail through some manzanita past a pump house, then downhill on a wide, zig-zagging trail about 0.3 mile. Shortly after crossing a stream, look for a pipe that exits a steep bank on the right side of the trail. Exit the trail at this point, boulder-hop across the stream through blackberry vines, and follow a climber's trail 0.1 mile across chaparral and down a couple of steep boulders to the base of a cliff. Scramble 0.1 mile down, then up along the base of the cliff, cross a steep sandy slope (potentially unstable and dangerous after a heavy rain), and continue along the base of the cliff to the main face.",Bell Canyon; Mossy Rock
,Fort Ross,"38.52354, -123.26335","Excellent, hard beach bouldering on a calm beach in Sonoma? Nah! 
 
Welcome to Fort Ross Bouldering, on a soft small pebbled and sand beach just South of the town of Fort Ross, and just north of Fort Ross Historical Park. 
 
While the Quantity of bouldering isn't great, the QUALITY and 3 minute approach makes this a great stop (if not entire day) for a Sonoma County rampage. 
 
Climbing is varied on solid sandstone: There are excellent routes for beginners with many uncrowded rocks and problems with V0 or simpler climbing on them. Intermediates will find fewer choices. Experts will love the main boulder, which has problems from V0+ to V9. There are also a few top rope (5.11-5.12) options, though most people avoid them due to their proxminity to other climbing in the area, and also to the loose quality of the rock. 
 
All routes walk off the backside of the boulders. 
 
Sand level can play a major factor into the difficulty of the climbing here. Living a Dream (V5) which ascends the right arete of the main rock simply cannot be done as the 5 in the winter. Climbing the HARD ""sit start"" Living La Vida Loca (V8) is the only option, as the step into Living a Dream is well overhead. The other difficulty about sand level is that in the winter most of the soft sand goes away, leaving a rocky often jagged beach for highball landings. There are no access fees. 
 
Check the Fort Ross State Historic Park website for more and current information.","To reach Fort Ross , head north on 101 from essentially anywhere in the Bay Area. Upon reaching the town of Petaluma, take the East Washington exit. Go left and drive west, over the freeway. When Washington intersects Highway 116, it turns into Bodega Avenue. Keep on Bodega for about 25 miles, and it will become highway 1 - Northbound. Keep on Highway 1, through Bodega Bay, and into Jenner. At the intersection of hwy 116 (same highway as in Petaluma, it just winds a LOT) and hwy 1, you have 14 miles until one 4 - 6 car pullout on your left, right next to mileage sign 34.20. This is where you should park. 
 
The trail to most of the climbing heads down to the beach from the North end of the pullout. See the pictures for some views.",Main Boulder; Traverse Cliff
,The Nut Tree Boulders,"38.3767, -121.9845","PLEASE NOTE;
 THE ROCK AT THE NUT TREE BOULDERS ARE BASALT AND GENERALLY BLACK IN COLOR. EXCESSIVE TIC MARKING AND ""POWDERING"" OF HOLDS IS HIGHLY DISCOURAGED AND EXTREEMLY FROUNED UPON HERE. CHALK IS HIGHLY VISIBLE AND AN EYE SORE TO HIKERS AND OTHER CLIMBERS ALIKE. PLEASE PRACTICE GOOD ETHICS AND SHOW YOUR GOOD STYLE BY LEAVING AS LITTLE TRACE ON THE ROCK AS POSSIBLE, LIMITING TIC MARKING TO A SMALL DOT AND BRUSHING OFF HOLDS AFTER YOU'RE DONE CLIMBING. 
EXCESSIVE CHALKING IS GRAFFITI TO 99% OF THE PEOPLE WHO USE THE OPEN SPACE LAND. 
 
 
Ever climb a route at Nut Tree and wonder if it has ever been done before?
 
Check out the PDF of Aaron Roughs unfinished guidebook for a good list of undocumented (in any published guidebook) routes for the Nut Tree Boulders located HERE .
 
 
The Nut Tree Boulders
 
 
This basalt bouldering area sits directly above the suburban mecca known as Vacaville. That said, when it's REALLY REALLY clear out, you'll have an excellent view of the Sierra as you pull your way up excellent holds on overhung basalt. 
 
Sitting just above a Vacaville development, this open space bouldering area has no access fees, no ""real"" parking area, and some really fun bouldering on fairly large rocks from 10 - 20 feet in height, and some problems keep you busy for over 30 feet. 
 
The basalt of the area can be rather loose in spots; when you pull a roof into a somewhat uncleaned topout, expect about 30% of what you grab to be loose. It's basalt though, so it probably won't come out :) 
 
Camping? NO! Hotels? Yes! 
 
This area has been developed over a period of time by a variety of different people. Resultingly, you'll find different cleaning techniques, and different landing options. Some routes have an excellent almost manacured landing, and others have a nice sharp chunk of rock on a steep hillside underneath the crux. Take your pick. 
 
Routes range from really easy to really hard, and everyone will find plenty of rotues to keep themselves entertained on almost 20 different rocks, with development potential for those that are interested. 
 
The Nut Tree Boulders are not somewhere you want to be in the summer. In the fall and spring on hot days, you'll find most routes cooking. Winter and cool days will be excellent, provided it hasn't rained in the last 24 hours.","The Nut Tree Boulders are located in the town of Vacaville off of Highway 80 in Northern California between Sacramento and San Francisco. 
 
From the West (San Francisco), Exit on Allison Drive / Vacaville exit. Take a left at the light onto Allison Drive. Cross the freeway and go .7 miles until the road ends and take a left onto Browns Valley Parkway. Head North on Browns Valley Parkway, which will turn into Browns Valley Road. 
 
From the East (Sacramento), Exit Vaca Valley Parkway/Leisure Town Rd and go Right on Vaca Valley Parkway. Follow Vaca Valley Parkway until you reach the intersection with Browns Valley Rd. The Hillcrest Boulders and Boxcar Woody Boulders will be strait ahead on VV Parkway. To get to the Woodcrest Boulders follow Vacavalley Parkway until it ends and make a left onto Wrentham. Follow Wrentham for a ways until you can make a Right onto Woodcrest. 
 
 
For the Hillcrest Boulders: 
 
Stay on Browns Valley road for 1.3 Miles until it intesects Vaca Valley Parkway and take a left. Stay on Vaca Valley Parkway until you can make a right turn on Hillcrest Circle. Say on Hillcrest through the circle until the road makes a left, then park in the development on the street next to a cattle gate and trail. 
 
For the Woodcrest Boulders: 
 
Stay on Browns Valley Road for a short 6 /10ths of a mile. Make a left turn onto Wrentham. Continue 3 short blocks and make a left onto Woodcrest. Park on the street next to a gate that has a dirt road and an ugly looking barbed wire fence behind it. 
 
For the Boxcar Woody Boulders: 
 
Either follow Browns Valley Rd and make a Left onto Vaca Valley Parkway. Then follow VV Parkway until it ends. The Boulders will obvious next to the road on the right. Or, from Browns Valley Rd, take a left onto Wrentham like you're headed to the Woodcrest boulders but keep going until Wrentham ends at Vaca Valley Parkway. 
Park on the street next to the boulders or across the street next to the Church.",Boxcar Woody Boulders; Hillcrest Boulders; Woodcrest Boulders
,Boxcar Woody Boulders,"38.38908, -121.98472","The Boxcar Woody boulders are the most easily accessible boulders at the Nut Tree Boulders. With an approach that takes literally 15 seconds, this is a great spot for a hit and go burn or a late in the evening session. There's even a great traverse under the glare of a street light on the Spotlight Boulder allowing for an after hours pull down session should you be so inclined. 
 
The Boxcar boulder is a short boulder (10ft at it's highest) but makes up for it's height in length and hosts one of the longest (about 80ft) and best traverses at the Nut Tree Boulders. The steeper side of the boulders hosts a large number of potential eliminates and classic problems while the longer (less steep) side of the boulders offer great, long traverse problems with a grade range that offers something for just about everyone but the most burly of boulderers.","Follow the directions on the front page for Boxcar Woody Boulders. 
 
Park anywhere along the road by the boulders or across the street next to the Church.",The Boxcar Woody; 2nd From the Left; 3rd from the Left; Spotlight Boulder
,Hillcrest Boulders,"38.39386, -121.98525","The Hillcrest boulders are home to some of the largest features and most classic routes at the Nut Tree Boulders. Unfortunately it's also one of the most spread out areas requiring some effort when jumping from rock to rock. Not to worry though, as boulders dot the entire trail and hillside all the way from Scotts Rock near the road to the Mother Boulder at the very peak of the tallest hill. 
 
There is something for everyone here from classic V0's to the areas current hardest and most classic problem (Scotts Traverse) coming in at a very stout and sustained V9. Highballs, overhangs, cracks, traverses and pumpy face routes. This area has it all and more than enough climbing to keep you coming back no matter what your abilities.","The area is accessible by approaching from either the Boxcar Woody Boulders or the more popular approach from Hillcrest Cir, from which they get their name.",Hidden Boulder; Mad Cow Boulder; Metal Mania Boulder; Mother Boulder; Saddle Boulders; Scootch Boulder; Scott's Rock
,Woodcrest Boulders,"38.37723, -121.98115","The Woodcrest boulders feature a rather tight concentration of boulders in close proximity to one another and consequently are host to the largest overall number of routes unlike the more spread out nature of the Hillcrest boulders. Coupled with it's high visibility from the road and comparatively short approaches has made the Woodcrest boulders the most popular venue at the Nut Tree Boulders. 
 
The general tight proximity of the boulders make it easy to set up a nice circuit or maximize the number of potential routes you can do if you're on a tight schedule. It's also a great place for those who like to explore a bit as no matter which direction you wander off from the main area, you're almost bound to run into another set of boulders eventually. When bouldering out here remember, there's almost always something else just around the corner.","Follow the directions on the main page for the Woodcrest Boulders. 
 
Park along the street next too (not in front of) the cattle gate and walk up the gravel road behind the houses. Be respectful of the home owners when walking behind their houses and keep an eye on your dogs. Walk about 100 yards up the gravel road to another cattle gate. Throw your pad over the gate if you have one and slip through the narrow passage way to the left of the gate instead of climbing over it. Follow the trail and veer off to the left and right when appropriate. There is good climbing on both sides.","Ants Attack Boulder; Backside Boulder; Beer Boulder; Boulder of Bloody Madness, The; Cattle Drive Rock; Cube, The; Kung Fu boulder; Nature Boulder; Stonewall Rock; Tidbit Boulder; Urban Myth Boulder; Wildside Boulder"
,Putah Creek,"38.5174, -122.056","A nice alternative to the Nut Tree Boulders of Vacaville, though not nearly as large. The creek helps to keep things cool during the summer. The down side of this is abundant poison oak, found from the road to the water. 
 
LeeAB adds: ""There are 3 main boulders here. Just below the parking pullout is the Roadside Boulder, we did not climb there. As you head down the obvious trail look for the spurs that cut left into the trees. First you will pass a smaller less steep boulder with a couple of problems. The next boulder you come to is the Heavy Metal Boulder and is quite large, there is a rock shelf below the river side (steeper) of the boulder. The last boulder, the Purgatory Boulder sits right on and partially in the creek, the steeper face, faces the road and the bulging face is on the downstream side of the boulder.""",Putah Creek is 7 miles west of Winters on Hwy 128. Look for a pullout on the left. Boulders are mostly hidden down by the creek.,"Heavy Metal Boulder; Mud-Hole Boulder, The; Purgatory Boulder; Roadside Boulder; Weasel Boulder, The"
,Salt Point State Park,"38.59406, -123.34449","Salt Point offers incredible, tough climbing at a very beautiful, isolated beach or forest settings north of Jenner. 
 
There are over 20 routes (nearly all sport, along with a 5.7 crack), and over 30 boulder problems as of 3/4/2005, with more being developed. While a good portion of the routes are 5.12 and up, the easier routes are worth the trip (Captain Hook, at 5.10a, is an instant classic). The area is pretty new. 
 
The developed sport climbing at the cove is all located on a crag called Sentinel Rock. This area is sandstone - though a tougher version than that found at other Bay Area sandstone areas. Some parts are a little crumbly, and the holds are occasionally pretty sharp on the hands. 
 
The developed and developing bouldering is all around the park, mostly to the southeast of the parking lot and could eventually yield as many problems as castle rock, though in more secluded settings. Excellent boulders with unique sandstone texture and some shitty landings. 
 
Access to the rock is a non-issue, except in one respect - watch the tides! At high tide or high surf, the Treasure Chest wall will get waves that could soak you and your gear if not drag you out to sea entirely. Watch out for sleeper waves when the belay slab is dry! Avoid high tide there, and use caution to keep you and your pack high and dry. 
 
For current information, see the Salt Point State Park website.","Salt Point is located up Hwy 1 from Jenner Beach. The drive is probably at least 2 hours from anywhere south of Marin county. 
 
From the Bay Area, get on 101N until the Hwy 116E Napa/Sonoma exit (in Petaluma).Turn right off the exit onto Lakeville/Hwy 116 heading west. Turn left 1 mile later onto E. Washington St. Follow E. Washington as it becomes Bodega Ave and later Valley Ford Rd, which intersects Hwy 1. Go north on Hwy 1. Fisk Mill Cove is 23 miles north of the intersection of Hwy 116 and Hwy 1. 
 
For Senital Rock, Turn left off the highway at the Fisk Mill Cove sign (it's easily visible from the highway) into a parking lot. Continue west to the second parking lot; a trail leads down to the rock from the far end of this lot. 
 
For Shroomland and other rocks not accessed via the main parking lot: 
 
Park Southeast of the main parking lot at a pullout on the West side of the road at mile marker 42.","Bluff Boulder; Call Box Rocks; Hidden Boulder; Johnny Cash Boulders; North Rock; Secrets; Shipwreck Wall; Shroom Boulder, The; South Face of Sentinel Rock; South Rock; Treasure Chest, The; Waterfall Boulders"
,Call Box Rocks,"38.5766, -123.33432",These are a great collection of rocks west of a large pullout with a call box. The rocks are spread out up and down a sandstone shelf right on the ocean.,"Drive north on Route 1 from 116 for about 20 miles. Once you pass Gerstle Cove start looking for a large pullout on the East side of the road. The pullout is north of Fort Ross and Gerstle Cove. If you reach Stewarts Point or Sea Ranch you've gone too far. 
 
Once you've parked, hike as straight to the ocean as possible on the trails. The boulders can be hard to see until you get close to the water.","Quarry, The; Stoney Whiteboots Boulder"
,Secrets,"38.60626, -123.36174",Northern most area of Salt Point State Park. Contains some incredible spaced out problems.,Heading North there will be a pullout on your left 1.3 miles past Fisk Mill Cove.,Sabertooth; Triceratops Boulder; Warmup Wall
,Sonoma Coast State Park,"38.4326, -123.0737","Sonoma Coast State Park (formerly known as Sonoma Coast State Beach) stretches from Bodega Head to Meyers Grade and includes Pomo Canyon and the Willow Creek Watershed (excellent mountain biking). The Sunset Boulders at Goat Rock, Twin Coves, Super Slab and Sea Crag, along with Pomo Canyon and Marshall Gulch, are all within this one park. 
 
Climbers have been under a microscope here from time to time and future access could be threatened if certain paleontological theories about mammoth rubbings are substantiated. Please be an ambassador for the climbing community by respecting other visitor's experiences at the rocks. 
 
You can get other current information at the Sonoma Coast State Park website.","Drive to Jenner, CA, located approximately 80 miles north of San Francisco along the Pacific Coast Highway (Hwy 1).",Goat Rock; Sea Crag; Super Slab; Twin Coves
,Goat Rock,"38.4467, -123.1264","Sitting above and on the ocean, Goat Rock is a great place for bouldering and top roping. There are a few trad routes, but it's not a place you should head if your entire day is planned around being a trad monkey. 
 
This is a gorgeous place, and all bay area climbers should make their way out to Goat Rock at least once. The routes are quite varied in difficulty, from 5.2 to V10, as are the styles of climbing. 
 
The rock, as most other bay area locations is a random assortment of beautiful rock, blues, reds, greens, whites and black. There will more information on the geology of the area as time allows. 
 
Climbing is free, as are the waves. 
 
The bouldering routes are all walk offs, and most of the climbing routes you will need to lower off. 
 
The only downside of the existing routes in some people's minds could be that you've got to climb an exposed 5.2 30' to get to the top of the rock!","From the South: 
 
To access Goat Rock, take the Railroad Ave exit from the 101 North in Petaluma. 
 
Turn left onto Railroad ave, then right on Stony Point Road. 
 
Continue on Stony Point for about 2 miles and then turn left onto Roblar Road. 
 
Drive on Roblar Road for about 6.5 miles and then turn right at the intersection with Valley Ford road. 
 
Go north through the town of Bodega Bay along the coast. 
 
After approximately 9 miles, you will see the sign and eventual left turn to Goat Rock Beach.",Sunset Boulders
,Sunset Boulders,"38.42931, -123.11572","This rock is mostly top roping, though at a ""mere"" 30 feet, many people choose to boulder a lot of the routes as well. 
 
Being out in the open, this rock will always be in the sun on one side or the other. It's out in the open, so this is a great place to climb on a sunny day. On a foggy, windy day, there is very little protection from the elements, and this would be a very chilly place to be. 
 
Most routes are probably best lowered off, though brave souls will need to downclimb a 5.2 route to get off of the rock. 
 
Pelican Arete (5.10a) is a must do, and is a pretty tough 5.10a!","Approach time: 5 minutes. 
 
From the turnoff into Gaot Rock State Park, drive ~ 1/4 mile to a large pullout on the left. There are several of these pullouts, and almost all will get you to the rocks. If the road goes up the hill and bends to the right, you've gone a little too far, and should turn around. 
 
From the parking pullout, hike downhill into the meadow, where the rocks are a can't miss. 
 
This is the tallest of the rocks.",Hard Boulder; Heel Hooker Boulder; Jasonâ€™s Boulder; Lamb Boulder; Mammoth Rock; Potato Chip Boulder; Ram Rock
,Twin Coves,"38.45822, -123.1417","Located just North of Jenner, this peninsula area is a gorgeous place to spend a day. This peninsula is also known as The Fortress of Solitude. The climbing in the area is mostly bouldering, though there are also some sport climbs and top rope options. Currently about 15 rocks have been climbed or bouldered. Some rocks could be developed with more bolted routes, and there is evidence that the largest rock once was toproped, but the bolts on top of it are rusty and spinning. 
 
The rock of Twin Coves is primarily schist, though some of the bouldering rocks and caves to the north are hardened sandstone. Few of the routes contain solid rock, however, most of the rock is loose and brittle. 
 
For many years the larger rocks of the area were soled, and only recently has development of the area made climbing the larger rocks safer with the addition of modern bolts. Bouldering in the area offers some interesting eliminates along the beach with soft sand landings, and some highball and traverse problems with mostly bad landings up on the bulge with the sport rock on it. 
 
Walk offs are the best bet on most routes and rocks, though a rappell or lower is needed for the bolted rock. 
 
As with most bay area areas, the place is infested with poison oak. So, beware of it on rocks, paths and any place else you might find yourself. 
 
Some of the bouldering is tide dependant, and climbing the seaside routes in the middle of a large swell is not a good idea. 
 
Camping is not allowed in the area, and you will probably get a ticket for attempting to do so. 
 
Fisherman are prevalent in the area, as are seals, so be respectful and keep a low profile.","Approach time: About 10 minutes. 
 
To reach The Twin Coves, head north on 101 from essentially anywhere in the bay area. Upon reaching the town of Petaluma, take the East Washington exit. Go left and drive west, over the freeway. When Washington intersects Highway 116, it turns into Bodega Avenue. Keep on Bodega for about 25 miles, and it will become highway 1 - Northbound. Keep on Highway 1, through Bodega Bay, and into Jenner. At the intersection of hwy 116 (same highway as in Petaluma, it just winds a LOT) and Hwy 1, you have 3.2 miles until two unmarked pullouts on your left, where you should park in the second larger pullout. These pullouts are just after a sharp right turn. 
 
From the pullout, walk North along the highway past one gully leading to the ocean, to a second gully which literally comes up to the highway. On the other side of this gully a thin trail will pickup leading you parallel to the highway for about 100 yards. You will come to a junction, where a wider (but still thin) path heads directly for the ocean. Follow this path downhill along the ridge, where the largest rocks of the Twin Coves will become evident. 
 
Walk down to the beach, and either up to the main rocks, or walk Northeast or Southeast along the beach for more bouldering options. The main sport rock is around to the right about 75 yards back from the transition from hillside to bulge. 
 
The mapquest map IS the Twin Coves peninsula.",Highest Rock; Isthmus Northeast Boulder; Southmost Black Rock; Sport Rock (aka North Pointed Rock)
,Squaw Cliff Area,"38.8032, -123.0132","Located alongside the 101 in Mendocino County, this area may be quite north of the Jenner climbing areas, but in terms of commute time from the bay area, The Squaw Cliff area is just as close as many of the climbing areas around Jenner. 
 
Next to the Russian River, and just North of the town of Cloverdale, The Squaw Cliffs offer some excellent bouldering opportunities, and also a few show lead climbs in the shadow of a large 400 foot cliff, known as Squaw Rock. 
 
Most apporaches are under 2 minutes, so you're always going to be close to the car, but unfourtunately, you're always going to get some highway traffic as well. Additionally (and unfourtunately), some approaches will also require you to ford the river, which can be an interesting and exciting proposal.","From the Bay Area: 
 
Head North on the 101 past Santa Rosa, and past the small town of Cloverdale. The main cliff is located in plain view of the highway on the left side, and is the first huge cliff you run inot north of San Francisco. The main pullouts are on either side of the Korean War Veterans Memorial Bridge, which runs alongside the cliff. The Northern pullout is 5.1 miles from the exit to the 128, which is on the North side of Cloverdale, just inside the Mendocino county border.","Overhung Tooth Boulder; Squaw Rock; Untamed Rocks, The"
,Sugarloaf Ridge,"38.443, -122.5052","Located high above Santa Rosa lies a large park of rock known as Sugarloaf State Park. There's rock everywhere in this park. Unfourtunately, most of it is crummy volcanic rock that's too unstable for establishing routes. However, many of the tuff boulders in the park offer good bouldering on solid rock with very diverse ratings and problems. 
 
This is one of the closest bouldering areas to The Bay Area, located just 15 minutes East of Santa Rosa, which is roughly a 50 minute drive from Central Bay locations. I drive like a bat out of hell on the 101, and can get there in 55 minutes, even being nice on Adobe Canyon Road. 
 
There is now a fee to park at the Goodspeed trailhead. 
 
Sugarloaf park is named so because of the packaging that sugar used to be sold in the 1900's looked a lot like the rolling hills found in the park . 
 
Camping is allowed in the park at the designated campground which is easily found just before the day use lot. Top roping the cliff behind the parking lot is also an option. 
 
There is lots of development potential at Sugarloaf, and it is a sight of some recent new problems. Potential first ascentionists should try to keep their routes facing away from established hiking trails so as to not detract from other peoples experiences while in the park. 
 
Always check the Sugarloaf Ridge State Park website for the latest access information.","From the Bay Area, head first to Santa Rosa via the 101 North. 
 
Once into Santa Rosa, take the exit for highway 12, and continue on 12 East 11 miles to Adobe Canyon Road, where you should go left. Sugarloaf State Park is signed at this turn.","Asteroid Boulders, The; Canyon Trail Boulder; Hide Out Boulder; Love and Hate; Sacred Rocks, The; Sugar and Spice; SugarSmack Boulder; Triangle Boulder - Sugarloaf Ridge"